adauga_student,2026-06-05T21:16:32
adauga_student,2026-06-05T21:16:32
adauga_student,2026-06-05T21:16:32
adauga_nota,2026-06-05T21:16:32
adauga_nota,2026-06-05T21:16:32
adauga_nota,2026-06-05T21:16:32
cauta_student_id,2026-06-05T21:16:32
indexare_studenti_map,2026-06-05T21:16:32
vizualizare_note_student,2026-06-05T21:16:32
calculare_medie,2026-06-05T21:16:32
listeaza_studenti_sortati,2026-06-05T21:16:32
sterge_student,2026-06-05T21:16:32
adauga_student,2026-06-05T21:22:29
adauga_student,2026-06-05T21:23:15
adauga_nota,2026-06-05T21:24:01
adauga_nota,2026-06-05T21:24:30
